path,bytes,sha256
00_FINAL_LOCK_VERIFICATION.md,447,26b728c24ce5b3d2c1aefc740d0bbcf6538e12c2dbdcdac6be1206cc507506a1
01_CAPACITY_ACTION_TYPE_AUDIT.csv,291550,09870c07756e65c2fac3d12a622a48b54052cda728dc480e02c7f402ed03e84c
02_CAPACITY_SCOPE_COMPARISON.md,1298,13eab0444be1e7f0d97a23431e2b691e34f67bd495499e9267faad022cb8da1e
03_INFORMATION_RECHECK.md,2104,7dcc7c30717f2a557c5698175ba2a7ff19937d99ad532f9b76c1033f156b44df
04_PRIMARY_FIRST_OPENING.md,1743,d4791fa1426c42de0db5c7536b0a7955cdab6eb347f15c02f98210afd18ff0e1
05_PRIMARY_EFFECTS.md,1436,44ffff83fbfa9c0fc453ab9e3bf03e099616664815e387b1d6f409e51ee17d5b
06_H1_LEGACY_RESULT.md,1356,c48a755defc5123b6b6c40faa3378077e91f4a9983b89cf4bd7b1b7b2401331b
07_H2_CAPACITY_RESULT.md,1173,eb5056ab97a0d418067c6cd1edab111a9204b15df3e7aeed0cab5187112f5c74
08_ROBUSTNESS_REPORT.md,1974,98d1f2c903277078d9a962ba5bc6cb2df214eb75159ea99b1e2a0e050b4e42da
09_INTENSIVE_MARGIN_SECONDARY.md,1640,8f05ac16da26d4826f9cd757027f740f634d82fbc152325a20a6966610db431a
10_EXTERNAL_GENERALITY.md,1702,6c77e91d156ee1925353ee54a4c795007ac0027ba5545de9f83e3811c17e519a
11_JOINT_THEORY_CLASSIFICATION.md,1749,c1ec03234e161eff1dd4eb34ecd5ea7048c7a8ad109e5824eb21f58de20caf85
12_NATURE_VIABILITY.md,1869,32a0cd0d261864484863f59533695b6d7209d4eb240e2d74bbafb871f48afcee
13_NEXT_PHASE_RECOMMENDATION.md,2197,c0e5d72d115ca4d4d1cf9b97f61a5e89b7ce71a6397877e43562adf7d8a0d7b5
DATA_SOURCE_LEDGER_v6.csv,29940,9e4a9d0698a1e33b9eae1dfd022d2c4a990148d386580caf96be7d948348d4e7
FINAL_HANDOFF.md,1891,4b08bb5d88fc9e3046ff95f44b01c4e97991c8abe1a7aed5ef6a79784ecdca1a
REPRODUCIBILITY_README.md,1957,e94b2804804ad9363abfcafb1bb359a839244c6469d8ad76cd45842a59d5fb7a
TRANSITION_PRIMARY_ANALYSIS_LOCK_V4.sha256,107,6b793cdae6e199c6701b32cf7905e0fded051f82358cf7aaa946ef7e99ca5805
TRANSITION_PRIMARY_ANALYSIS_LOCK_V4.yaml,2237,f0626785d1ff9e2fea1613c8785d497342b39e53be1c1726123700c784b85a0e
analysis/PRIMARY_FIRST_OPENING_TRANSITION.json,757,4bcdf1e60eb7fe417b1076e75a6ebfe5d00286e2914fad4dfa1dbc703ded84ed
analysis/PRIMARY_FIRST_OPENING_TRANSITION.sha256,104,43404fce2e4616e19a7d215704f931c9d871c52a0b41e66d073b718c37e2a53a
analysis/PRIMARY_TRANSITION_RISKSET_V4.csv,5737307,0f334584535859c8f4a060f40c206f0c28a19a5f892ec4d9fd1243b1f0fc2ec0
analysis/PRIMARY_TRANSITION_RISKSET_V4.sha256,100,cad3f027874b1d5473fec79fd50759577ece4aa180cf5f7ceca3bd98cba307d6
analysis/ROBUSTNESS_LEDGER.csv,1998,01ca408cb5780859eb54c634bd798ea63010c9f84361ad677a0ffc92e8047297
analysis/capacity_scope_diagnostics.csv,389,6248513867bd1e683ec1194e937febc28101caa5147bf40948f90e806aaad7d6
analysis/capacity_v4.csv,3199387,0c761aa4b626849bb2c44df7c52b6b6d650ae23f259e7587c44b958a25cce3d9
analysis/information_simulation_v4.csv,1666,063a973be81b6e4c3dc3535922161a0c772e173814192ae03bc0a5c5495582f6
analysis/information_simulation_v4_raw.csv,276194,ba46079f64ce43db5d75c9e99431717749de45e695038dd8ab371da7ae9522d2
analysis/intensive_margin_results.csv,203,9c532969df9bee1932c1b7cfc091e200c0bc21e4daa72fdf74c8ca77113a7ab9
analysis/leave_one_state_out.csv,8541,7070b07506e25b586aea0173b2603eaf3d437bb674fdfcbfdb2e082da0c970eb
analysis/primary_transition_effects.csv,646,d3f125ded80a4560f7d65303945b9dbdb5a6ef8aade36762693d36e3d3238c33
scripts/capacity_scope_v4.py,6477,e81131cc8fbfbb24d188e9e3f1fc03fdf20c88102de8a315cef5961091d821fd
scripts/information_simulation_v4.py,4421,9bda8c707476e91597149c7ec16b315714b2d45a27ad52bca8fae2d071b8c238
scripts/package_validator_results.py,2977,3286ffb6238486cae9807efacef7b7bbdd271f63d72c15f7f7c99e79c2c5b38e
scripts/primary_transition_analysis.py,4737,943b8f4eed8cc167a14e346fb43cd681142bbf24d96c924b1fde711e1f47fba1
scripts/robustness_transition.py,5777,e0abb12bf1e56c7d16599e7dad3b35985e318a393e2cf4fe84bf22364cd960d4
