variant,H1,H1_p,H2,H2_p,H1_ci,H2_ci,skipped,note
broad_property_mitigation_capacity,-0.13425657194399682,0.3172792241122848,0.29828652604495526,0.23554122436440816,"[-0.39737760798319777, 0.12886446409520413]","[-0.1945715284953059, 0.7911445805852164]",,
logit_link,-0.19917180670586454,0.14909794004976212,0.03682742491396841,0.596731019371775,"[-0.46974974403203684, 0.07140613062030776]","[-0.09959183598728673, 0.17324668581522357]",,
LPM,-0.003393892693787356,0.05558293620985624,-0.0008286741297375704,0.7144198469880847,"[-0.006868759447706586, 8.097406013187402e-05]","[-0.005267191169359, 0.0036098429098838595]",,
state_cluster,-0.1922768168138403,0.07474916628155004,0.03424914849321343,0.4915504171861991,"[-0.403755801739044, 0.019202168111363438]","[-0.06334129850735079, 0.13183959549377766]",,
legacy_pre1940,-0.14690430286945763,0.20642588328697342,0.03146959895571821,0.6421939228629863,"[-0.37479311047693703, 0.08098450473802177]","[-0.10127863761009287, 0.1642178355215293]",,
legacy_pre1960,-0.17945121486572727,0.11879514494159725,0.034151562864248454,0.6104358028764904,"[-0.4049329850202347, 0.046030555288780195]","[-0.09723648182029151, 0.1655396075487884]",,
demand_window_lag1,-0.38019928995088986,0.012407177796634914,0.03219336246480294,0.753862596008709,"[-0.678228711726204, -0.08216986817557576]","[-0.1690433346567315, 0.2334300595863374]",,
demand_window_lag5,-0.10806894694381167,0.41964269778393215,0.022177117911869836,0.7071320928001884,"[-0.3705229846146788, 0.15438509072705545]","[-0.09351394327635429, 0.13786817910009397]",,
intensive_PPML_secondary,-0.5484194354045093,0.0029649395711761617,-0.22307110480667347,0.052075556812456014,"[-0.9101682866459627, -0.18667058416305593]","[-0.4481467239131868, 0.00200451429983986]",,
major_disaster_only_demand,,,,,,,not predefined in LOCK_V4,
numerator_sensitivities_B_C,,,,,,,,extensive outcome binary; numerator uncertainty n/a. Intensive sensitivities in intensive_margin_results context (V2 numerators).
