subgroup,N,countries,blocks,b3,median_flood,median_buv,diff_est,diff_boot_mean,diff_ci_low,diff_ci_high
coastal_le10km,782,92.0,117.0,-0.00044051291484967036,10.37,17.483923449167804,,,,
coastal_le25km,1077,97.0,120.0,-0.0005631213942604407,11.02,17.380136984843222,,,,
coastal_le50km,1417,101.0,125.0,-0.002096040611790079,10.85,17.309113298459888,,,,
inland_gt50km,3181,115.0,140.0,-0.018646648539502108,8.6,16.977829830190675,,,,
full,4598,143.0,175.0,-0.008275234531363538,9.235,17.06617567084186,,,,
diff_coastal_le10km_vs_complement,4598,,,,,,0.013183143447651065,0.012757616913275633,0.0003125914687406575,0.024871170576567552
diff_coastal_le25km_vs_complement,4598,,,,,,0.015691901612393568,0.013525892012345976,0.00342060212514751,0.02346594361952222
diff_coastal_le50km_vs_complement,4598,,,,,,0.016550607927712027,0.015038314605444832,0.003469001325850184,0.02675240576954267
diff_inland_vs_le50,4598,,,,,,-0.016550607927712027,-0.014075983641213674,-0.025101505094200123,-0.00099676055762814
