dropped,n,beta3,ci_lo,ci_hi
Australia and New Zealand,145,0.003920904572287391,-0.13660808190461265,0.14978753191478175
Caribbean,137,-0.003282462941052078,-0.2050391679005692,0.14986172335185888
Central America,139,0.017965441596733155,-0.11128115391532908,0.1533322899145419
Central Asia,142,0.004577864453148091,-0.13358608084641813,0.13431263089420598
Eastern Africa,134,0.004831715163244493,-0.1485975029758007,0.14722502704025153
Eastern Asia,141,0.03423393332046824,-0.009004557178002028,0.1707277400050787
Eastern Europe,141,0.008157764475016588,-0.1312740935007514,0.13778744513398566
Melanesia,145,-0.010170008438587907,-0.15826883355443913,0.09685670917671392
Middle Africa,140,0.00473398868040497,-0.15014181441943356,0.16569777737863411
Northern Africa,142,0.004823310884800673,-0.11924052803437558,0.13019974334047882
Northern America,145,0.005438580227637677,-0.13116631829566003,0.1343459770674753
Northern Europe,138,0.003757302649594056,-0.14301747693022732,0.15542427948535248
South America,135,-0.010368580209941997,-0.13950353722109607,0.0909826850840915
South-eastern Asia,139,0.00022621184686042253,-0.17385036393237632,0.14554856032564623
Southern Africa,142,0.0001391746856362272,-0.15669788875747914,0.14257946695024695
Southern Asia,139,0.008089574346850308,-0.1851383644159189,0.17517874824734325
Southern Europe,137,0.003653423713665081,-0.17802814040257253,0.14833724911722437
Western Africa,135,0.00834921742644666,-0.12082335825405269,0.15715423115125937
Western Asia,135,0.00779049428647921,-0.12207282317139762,0.16029736855533316
Western Europe,142,0.003450721757954304,-0.13767986775466934,0.14039617767212006
