dropped_country,N,beta3
Angola,324,-0.05538961221936254
Benin,329,-0.02763223697644731
Brazil,324,-0.03701082049337629
Burkina Faso,326,-0.033535433694269236
Canada,331,-0.049013436891195875
Chad,322,-0.035748367287370984
Ethiopia,329,-0.037394332183806556
Ghana,324,-0.030598430353224036
Indonesia,311,-0.024691708072257797
Lesotho,330,-0.033253031805439925
Malawi,337,-0.03817698981092854
Mali,333,-0.03348093982133296
Mauritania,338,-0.037427240761469895
Mozambique,330,-0.036180739212752486
Niger,333,-0.04041322098495901
Nigeria,303,-0.04393605225919557
Pakistan,336,-0.03632501411376162
Senegal,328,-0.013679386533054422
South Africa,331,-0.03748040690443596
Sudan,327,-0.1047210910219434
"Tanzania, United Republic of",313,-0.03841722715083158
United States,291,-0.0543740512482954
Zambia,330,-0.037621117386947615
