claim,study,primary_or_secondary,estimate,CI,p,directly_supported,allowed_strength,manuscript_location
"Inherited specialization/capital/legacy insufficient for general rigidity",all,primary,mixed per branch,see ED Table 3,,yes,programme-level conclusion,"Abstract; Discussion"
"National crop specialization did not condition transformation",national ag,primary,+0.0046,"[-0.131,+0.143]",~1.0,yes,null finding,"Results 1"
"Subnational irrigation dependence did not produce stable rigidity",subnational ag,primary,-0.0377,"[-0.2513,+0.0773]",0.384,yes,null finding,"Results 1"
"Built capital weakly conditions urban reconfiguration",urban,primary,-0.008275,"[-0.0166,-0.0033]",0.002,yes,"weak/context-dependent, not lock-in","Results 2"
"Legacy barrier to transition initiation",settlement transition,primary,-0.1923,"[-0.4537,+0.0692]",0.149,yes,"directional but uncertain","Results 3"
"Prior departure-programme capacity amplifies transition",settlement transition,primary,+0.0342,"[-0.0975,+0.1660]",0.610,yes,"not supported","Results 3"
"Strongest legacy signature at transformational margins",settlement transition,secondary,-0.548 intensive,"[-0.910,-0.187]",0.003,yes,"secondary hypothesis signal only","Results 3; Discussion"
"Legacy effects do not generalize across systems",synthesis,primary,see ED Table 3,,,yes,cross-domain boundary statement,"Results 4; Fig 5"
"Legacy is hypothesis about constraint not evidence of it",synthesis,primary,,,,yes,closing conceptual claim,"Discussion"
"Lock-in requires measurable barriers (substitution, network, coordination, exit)",discussion,secondary,,,,no,"proposed boundary conditions, unproven","Discussion"
"Functional sustainability preserved via reconfiguration",discussion,secondary,,,,no,"conceptual distinction only, unmeasured","Discussion"
"Causal legacy effect on transformation",all,primary,,,,no,"observational identification throughout","Methods; Limitations"
"General urban lock-in",urban,primary,,,,rejected,"explicitly disallowed wording","Results 2"
"Universal transition law / civilization decline",none,,,,,rejected,"prohibited framing","(none)"
