dataset,version_used,current_manuscript_citation,authoritative_citation,DOI_or_URL,replacement_needed,final_reference_number
"GHS Urban Centre Database (GHS-UCDB)","R2024A (GHS-UCDB v1.1, 31/07/2024)","GHSL Data Package 2019 (Florczyk et al.)","Melchiorri, M. et al. Stats in the City — the GHSL Urban Centre Database 2025 (GHS-UCDB R2024A), JRC139768, Publications Office of the EU (2024)","doi:10.2760/3046391","YES — replaced 2019 data package with R2024A release citation","38"
"Global river flood hazard maps (CEMS-GloFAS, LISFLOOD/LISFLOOD-FP)","JRC CEMS_GLOFAS FloodHazard (seven return periods, used at RP10/RP100 as integrated in GHS-UCDB EX_ indicators)","none (described in text as CEMS-GLOFAS/Baugh-derived field)","Baugh, C., Colonese, J., D'Angelo, C., Dottori, F., Neal, J., Prudhomme, C., Salamon, P. Global River Flood Hazard Maps, European Commission JRC (2024)","doi:10.2905/JRC.VD32YWG","YES — added","48"
"FAOSTAT crop production","FAOSTAT Statistical Database (accessed 2025)","none","FAO. FAOSTAT Statistical Database (FAO, Rome; accessed 2025)","https://www.fao.org/faostat/","YES — added","44"
"Spatial Production Allocation Model (MapSPAM)","SPAM2000 (also SPAM2010 for robustness exposure)","none","You, L. et al. Spatial Production Allocation Model (SPAM) 2000, IFPRI, https://mapspam.info","https://mapspam.info/","YES — added","45"
"MIRCA2000 crop calendar","MIRCA2000 (Global monthly irrigated and rainfed crop areas around the year 2000)","none","Portmann, F. T., Siebert, S. & Döll, P. MIRCA2000 — Global monthly irrigated and rainfed crop areas around the year 2000. Global Biogeochem. Cycles 24, GB1011 (2010)","doi:10.1029/2008GB003435","YES — added","46"
"ERA5 reanalysis","ERA5 (agro-climatic window fields)","none","Hersbach, H. et al. The ERA5 global reanalysis. Q. J. R. Meteorol. Soc. 146, 1999–2049 (2020)","doi:10.1002/qj.3803","YES — added","47"
"US Census 2000 Summary File 3 (H035 median year structure built)","Census 2000 SF3","named in Data availability only","U.S. Census Bureau, Census 2000 Summary File 3","https://www.census.gov/data/datasets/2000/dec/summary-file-3.html","NO — institutional source named in Data availability","n/a"
"OpenFEMA HMA Mitigated Properties","OpenFEMA API snapshot (accessed 2025)","named in Data availability only","FEMA, OpenFEMA: Hazard Mitigation Assistance Mitigated Properties","https://www.fema.gov/about/openfema/api","NO — institutional source named in Data availability","n/a"
"OpenFEMA HMA Projects","OpenFEMA API snapshot (accessed 2025)","named in Data availability only","FEMA, OpenFEMA: Hazard Mitigation Assistance Projects","https://www.fema.gov/about/openfema/api","NO — institutional source named in Data availability","n/a"
"OpenFEMA Disaster Declarations Summaries","OpenFEMA API snapshot (accessed 2025)","named in Data availability only","FEMA, OpenFEMA: Disaster Declarations Summaries","https://www.fema.gov/about/openfema/api","NO — institutional source named in Data availability","n/a"
"OpenFEMA NFIP Redacted Policies / Claims","OpenFEMA API (partial acquisition recorded in ledger; not used in primary design)","named in Data availability only","FEMA, OpenFEMA: NFIP datasets","https://www.fema.gov/about/openfema/api","NO — institutional source named in Data availability","n/a"
"HarvestStat (Africa subnational crop statistics)","HarvestStat (accessed 2025)","named in Data availability only","HarvestStat global crop statistics dataset","https://www.harveststat.org/","NO — institutional source named in Data availability","n/a"
"FAO subnational crop statistics","FAO subnational datasets (accessed 2025)","named in Data availability only","FAO subnational agricultural statistics","https://www.fao.org/","NO — institutional source named in Data availability","n/a"
"Eurostat apro_cpshr","apro_cpshr regional crop production (accessed 2025)","named in Data availability only","Eurostat regional crop statistics (apro_cpshr)","https://ec.europa.eu/eurostat/","NO — institutional source named in Data availability","n/a"
"USDA Census of Agriculture","2002/2022 county-to-state aggregates (accessed 2025)","named in Data availability only","USDA NASS Census of Agriculture","https://www.nass.usda.gov/AgCensus/","NO — institutional source named in Data availability","n/a"
"StatCan agricultural series","accessed 2025","named in Data availability only","Statistics Canada agricultural statistics","https://www.statcan.gc.ca/","NO — institutional source named in Data availability","n/a"
"IBGE PAM municipal crop data","2002/2016 (accessed 2025)","named in Data availability only","IBGE Produção Agrícola Municipal","https://www.ibge.gov.br/","NO — institutional source named in Data availability","n/a"
"Sea-level altimetry (AVISO, SLR subset)","AVISO satellite altimetry trends (1,334-UC subset)","named in Data availability only","AVISO+ satellite altimetry (CNES)","https://www.aviso.altimetry.fr/","NO — institutional source named in Data availability","n/a"
"Natural Earth country boundaries","v4.1 (Figure 1 choropleth only)","none","Natural Earth vector data","https://www.naturalearthdata.com/","NO — public domain cartographic source","n/a"
