hypothesis,true_effect,inference,n,conv,bias,rmse,coverage,reject,ciw
H1,-0.15,fips,100,1.0,-0.014424430798998411,0.0890376399212621,0.95,0.5,0.344383017560587
H1,-0.15,state,100,1.0,-0.014424430798998411,0.0890376399212621,0.93,0.58,0.31091040306381845
H1,-0.05,fips,100,1.0,-0.0057563061964839846,0.08890702425184106,0.94,0.06,0.3429185718584483
H1,-0.05,state,100,1.0,-0.0057563061964839846,0.08890702425184106,0.9,0.1,0.32512700392891447
H1,0.0,fips,550,1.0,-0.005444836758153089,0.08882102353482225,0.9181818181818182,0.08181818181818182,0.31079583958233226
H1,0.0,state,550,1.0,-0.005444836758153089,0.08882102353482225,0.8963636363636364,0.10363636363636364,0.2853095705830127
H1,0.1,fips,100,1.0,-0.005827028750226624,0.07674472058867887,0.93,0.26,0.2932685916416369
H1,0.1,state,100,1.0,-0.005827028750226624,0.07674472058867887,0.88,0.31,0.27160737402532403
H2,-0.1,fips,100,1.0,-0.009707895380705938,0.09014926677990541,0.98,0.24,0.31157068641108654
H2,-0.1,state,100,1.0,-0.009707895380705938,0.09014926677990541,0.94,0.23,0.2962142560186616
H2,0.0,fips,550,1.0,-0.008848112551669432,0.0696444591467072,0.9545454545454546,0.045454545454545456,0.2684926394819732
H2,0.0,state,550,1.0,-0.008848112551669432,0.0696444591467072,0.9345454545454546,0.06545454545454546,0.25071189381059367
H2,0.05,fips,100,1.0,0.0015157385868065066,0.05913902349328679,0.98,0.13,0.2451845025904138
H2,0.05,state,100,1.0,0.0015157385868065066,0.05913902349328679,0.97,0.2,0.22597179729047395
H2,0.15,fips,100,1.0,0.0001108191128556471,0.05528482885887725,0.94,0.76,0.2145394461151729
H2,0.15,state,100,1.0,0.0001108191128556471,0.05528482885887725,0.91,0.73,0.19999155524262374
