study,analysis,primary_secondary,predefined_yes_no,estimate,CI,p,manuscript_location,allowed_claim
national agriculture,beta3 HHI x mismatch fractional logit,primary,yes,+0.0046,"[-0.131, +0.143]",~1.0,"Results 1; Fig 2; Table 1","null: no detectable specialization conditioning"
national agriculture,tile block bootstrap,secondary,yes,+0.0046,"[-0.186, +0.105]",,ED Fig 2,"consistency check only"
national agriculture,HC2 diagnostic,secondary,yes,+0.0046,"[-0.422, +0.431]",,ED Fig 2,"consistency check only"
national agriculture,falsification F2 pre-treatment exposure,secondary,yes,+0.142,"[+0.062, +0.289]",,ED Fig 2,"caution on causal reading; not evidence for H1"
subnational agriculture,beta3 irrigation x mismatch OLS+countryFE,primary,yes,-0.0377,"[-0.2513, +0.0773]",0.384,"Results 1; Fig 2; Table 1","null: rules out large conditioning"
subnational agriculture,9-variant robustness ledger,secondary,yes,negative range,see ledger,,"ED Fig 3; bundle","consistency only"
subnational agriculture,SPAM2010 alternate exposure,secondary,yes,+0.224,"[+0.004, +0.675]",0.046,"ED Fig 3","vintage sensitivity disclosure; does not overturn primary"
urban settlements,beta3 legacy x flood OLS+countryFE,primary,yes,-0.008275,"[-0.0166, -0.0033]",0.002,"Results 2; Fig 3; Table 1","small context-dependent conditioning"
urban settlements,Delta_ME original scale,primary,yes,-0.0102,"[-0.0205, -0.0041]",0.002,"Results 2; Table 1","~4% of outcome SD"
urban settlements,coastal-proximity strata,secondary,yes,"-0.0004 to -0.019",see ledger,,"Fig 3; ED Fig 4","context dependence"
urban settlements,RP100 hazard alternate,secondary,yes,+0.006,"[-0.010, +0.014]",0.66,"Results 2; ED Fig 4","specification reversal recorded"
urban settlements,per-capita/per-area capital scaling,secondary,yes,attenuated,see ledger,,"ED Fig 4","attenuation recorded"
urban settlements,SLR subset (N=1334),secondary,yes,not reproduced,,,"Results 2","non-replication disclosed"
settlement transition,H1 demand x legacy cloglog first-entry,primary,yes,-0.1923,"[-0.4537, +0.0692]",0.149,"Results 3; Fig 4a; Table 1","directional but uncertain"
settlement transition,H2 demand x capacity cloglog first-entry,primary,yes,+0.0342,"[-0.0975, +0.1660]",0.610,"Results 3; Fig 4b; Table 1","enablement unsupported"
settlement transition,lag-1 demand extensive margin,secondary,yes,-0.380,,0.012,"Results 3; Fig 4c","secondary; strengthens hypothesis not finding"
settlement transition,intensive-margin H1 PPML,secondary,yes,-0.548,"[-0.910, -0.187]",0.003,"Results 3; Fig 4c","secondary; different estimand; not confirmatory"
settlement transition,leave-one-state-out (49 fits),secondary,yes,"-0.14 to -0.26 (all ns)",,,"ED Fig 7","stability check"
