iso3,country,dominant_crop,spam_crop,hhi,jsd,mismatch,region,subregion,centroid_lon,centroid_lat
AFG,Afghanistan,Wheat,WHEA,0.4120654761791229,0.1347951143980026,0.9139904219824818,Asia,Southern Asia,66.61337209302326,34.2906976744186
ALB,Albania,Wheat,WHEA,0.1507673263549804,0.2577166557312011,0.6976270502560298,Europe,Southern Europe,20.11904761904762,41.11904761904762
DZA,Algeria,Wheat,WHEA,0.2641356289386749,0.1016250774264335,0.4340041442008541,Africa,Northern Africa,3.120833333333333,33.763333333333335
AGO,Angola,Maize,MAIZ,0.2274412363767624,0.181299939751625,0.3411205786346272,Africa,Middle Africa,17.620320855614974,-12.163101604278076
ARG,Argentina,Wheat,WHEA,0.1703419089317321,0.2391951978206634,0.2320648991848438,America,South America,-62.983826754385966,-32.2203947368421
ARM,Armenia,Wheat,WHEA,0.2075984328985214,0.125757947564125,1.487543245819913,Asia,Western Asia,45.1171875,40.21875
AUS,Australia,Wheat,WHEA,0.3428626954555511,0.1434811055660247,0.3080446042790375,Oceania,Australia and New Zealand,140.1070601851852,-31.511574074074076
AUT,Austria,Barley,BARL,0.144035205245018,0.1483558267354965,0.5945043176451377,Europe,Western Europe,14.732142857142858,47.8
AZE,Azerbaijan,Wheat,WHEA,0.2453989535570144,0.2138851583003997,0.593981393589509,Asia,Western Asia,47.34375,40.22916666666666
BGD,Bangladesh,Rice,RICE,0.548650324344635,0.1465960592031479,2.124707851634678,Asia,Southern Asia,90.37698412698413,23.793650793650794
BRB,Barbados,Sugar cane,SUGC,0.5268698930740356,0.1719492226839065,0.9574346338995912,America,Caribbean,-59.375,13.25
BLZ,Belize,Sugar cane,SUGC,0.192903459072113,0.1337264031171798,1.0420389921371669,America,Central America,-88.65384615384616,17.384615384615383
BEN,Benin,Maize,MAIZ,0.1347375214099884,0.2218450158834457,0.5720702422639261,Africa,Western Africa,2.3472222222222223,9.922222222222222
BTN,Bhutan,Maize,MAIZ,0.1779953986406326,0.2302951663732528,0.9299663310593996,Asia,Southern Asia,90.38194444444444,27.52777777777778
BOL,Bolivia,Maize,MAIZ,0.0892854258418083,0.2225132137537002,0.1508243568341206,America,South America,-64.57765151515152,-16.831818181818182
BIH,Bosnia and Herzegovina,Maize,MAIZ,0.1716950088739395,0.1403904110193252,0.510482834510615,Europe,Southern Europe,17.86637931034483,44.05172413793103
BWA,Botswana,Sorghum,SORG,0.3494598865509033,0.1574728190898895,0.312510293220644,Africa,Southern Africa,23.90098314606741,-22.185393258426966
BRA,Brazil,Maize,MAIZ,0.1340190768241882,0.1776548773050308,0.402767723535124,America,South America,-50.9960533126294,-12.510093167701864
BGR,Bulgaria,Wheat,WHEA,0.1931933015584945,0.2152660936117172,1.659662340248192,Europe,Eastern Europe,25.27122641509434,42.79245283018868
BFA,Burkina Faso,Sorghum,SORG,0.2365710586309433,0.1906090974807739,0.7768534484143191,Africa,Western Africa,-1.7234848484848484,12.207070707070708
BDI,Burundi,"Beans, dry",BEAN,0.1482151299715042,0.1543896049261093,0.2281974005041947,Africa,Eastern Africa,29.821428571428573,-3.357142857142857
KHM,Cambodia,Rice,RICE,0.6949316263198853,0.1684974282979965,0.3935135806036847,Asia,South-eastern Asia,104.79508196721312,12.688524590163937
CMR,Cameroon,Sorghum,SORG,0.0671486556529998,0.1727177798748016,0.2134556296262643,Africa,Middle Africa,13.39409722222222,8.284722222222221
CAN,Canada,Wheat,WHEA,0.2784368991851806,0.1842936277389526,0.145647393662341,America,Northern America,-100.30716463414636,51.19634146341463
CAF,Central African Republic,Cassava,CASS,0.1099901646375656,0.1671176105737686,0.5828772601145513,Africa,Middle Africa,20.55939226519337,6.712707182320442
TCD,Chad,Millet,MILL,0.1803946793079376,0.1418461948633194,0.4202785548610753,Africa,Middle Africa,18.335635359116026,11.723756906077348
CHL,Chile,Wheat,WHEA,0.1420296877622604,0.209357813000679,0.1493862188901165,America,South America,-71.7032967032967,-39.02197802197802
CHN,China,Rice,RICE,0.1127039790153503,0.161159485578537,0.2037585592773174,Asia,Eastern Asia,111.15665836963284,34.51213441194773
COL,Colombia,"Coffee, green",COFF,0.1018292009830474,0.1866359263658523,0.2313506328775835,America,South America,-73.45108695652173,5.094202898550725
COM,Comoros,Coconuts,OOIL,0.1461338251829147,0.2284922152757644,0.5628626223762708,Africa,Eastern Africa,44.0625,-12.125
COG,Congo,Cassava,CASS,0.1844205111265182,0.1043916121125221,0.6466387284772569,Africa,Middle Africa,15.104166666666666,-1.5611111111111111
CRI,Costa Rica,"Coffee, green",COFF,0.1025525406002998,0.2565453052520752,1.689813560980168,America,Central America,-84.14772727272727,9.909090909090908
HRV,Croatia,Maize,MAIZ,0.2028945237398147,0.1801937073469162,0.6753317416217645,Europe,Southern Europe,16.555232558139537,44.81395348837209
CUB,Cuba,Sugar cane,SUGC,0.3159641325473785,0.2439392060041427,0.5183774358876335,America,Caribbean,-79.42129629629629,21.64814814814815
CYP,Cyprus,Barley,BARL,0.2256674617528915,0.1877691596746444,0.5286700403864663,Asia,Western Asia,33.28125,35.0625
COD,Democratic Republic of Congo,Cassava,CASS,0.1724405288696289,0.1212933510541915,0.6070331112399817,Africa,Middle Africa,23.535227272727276,-3.796363636363637
DNK,Denmark,Barley,BARL,0.3031327128410339,0.1626355946063995,0.8727453053418637,Europe,Northern Europe,10.336538461538462,55.92307692307692
DOM,Dominican Republic,Sugar cane,SUGC,0.0990792065858841,0.1939686685800552,0.2616487329473489,America,Caribbean,-70.52083333333333,18.95833333333333
ECU,Ecuador,Maize,MAIZ,0.1060854569077491,0.196265235543251,0.1785546176974347,America,South America,-78.58766233766234,-1.6623376623376624
EGY,Egypt,Maize,MAIZ,0.1101350039243698,0.1688153445720672,0.3581100310599462,Africa,Northern Africa,30.71808510638298,29.574468085106385
SLV,El Salvador,Maize,MAIZ,0.2073979824781417,0.1544879972934723,1.643327600760361,America,Central America,-88.75,13.807692307692308
EST,Estonia,Barley,BARL,0.2668154835700989,0.3035523891448974,0.4476172841727945,Europe,Northern Europe,25.36458333333333,58.61111111111112
SWZ,Eswatini,Maize,MAIZ,0.2519669532775879,0.1790105700492859,0.7976165637327449,Africa,Southern Africa,31.38888888888889,-26.666666666666668
FIN,Finland,Barley,BARL,0.3026347160339355,0.1114786937832832,0.5569162776700768,Europe,Northern Europe,25.65548780487805,62.28861788617886
FRA,France,Wheat,WHEA,0.1829426288604736,0.1122263446450233,0.2805968048863067,Europe,Western Europe,2.596757322175732,46.61297071129707
GAB,Gabon,Plantains,BANP,0.1321816593408584,0.1593523323535919,0.6526273818823204,Africa,Middle Africa,11.452464788732394,-0.8098591549295775
GMB,Gambia,Groundnuts,GROU,0.2523302137851715,0.1744831949472427,0.6146990525850847,Africa,Western Africa,-15.5625,13.4
GEO,Georgia,Maize,MAIZ,0.1209273636341095,0.1434681117534637,0.3945126551018266,Asia,Western Asia,43.60576923076923,42.07692307692308
DEU,Germany,Wheat,WHEA,0.1683732569217682,0.1632926315069198,0.7328091190337599,Europe,Western Europe,10.420081967213116,51.10655737704918
GRC,Greece,Wheat,WHEA,0.1543649584054947,0.1263653188943863,0.6024545733623203,Europe,Southern Europe,23.907828282828284,38.51515151515152
GTM,Guatemala,Maize,MAIZ,0.2107533514499664,0.1895373314619064,0.8904872135498064,America,Central America,-90.39244186046513,15.69767441860465
GIN,Guinea,Rice,RICE,0.1099904403090477,0.2064722329378128,0.5059013425091934,Africa,Western Africa,-10.95632530120482,10.295180722891564
GUY,Guyana,Rice,RICE,0.3426631987094879,0.1220920383930206,0.2525646205807531,America,South America,-59.11989795918368,4.806122448979592
HTI,Haiti,Maize,MAIZ,0.0855736956000328,0.1811305880546569,0.3232583976578764,America,Caribbean,-72.79411764705883,18.823529411764707
HND,Honduras,Maize,MAIZ,0.233279287815094,0.1708339899778366,1.430056896837475,America,Central America,-86.83035714285714,14.833333333333334
HUN,Hungary,Wheat,WHEA,0.1797218322753906,0.1671370714902877,1.3364068862724028,Europe,Eastern Europe,19.448529411764707,47.19607843137255
IND,India,Rice,RICE,0.1006429567933082,0.1431942731142044,0.3287508742072528,Asia,Southern Asia,79.77373068432671,22.723509933774835
IDN,Indonesia,Rice,RICE,0.1854071468114853,0.2126157283782959,0.4678139624670678,Asia,South-eastern Asia,116.0669781931464,-2.944704049844237
IRN,Iran,Wheat,WHEA,0.2912625074386596,0.1138388440012931,0.6104042498579395,Asia,Southern Asia,53.09480676328502,33.06038647342995
IRQ,Iraq,Barley,BARL,0.2911469340324402,0.1582189947366714,0.5120155955214915,Asia,Western Asia,44.32954545454545,33.95909090909091
IRL,Ireland,Barley,BARL,0.3739359378814697,0.1299635618925094,0.3850497242253368,Europe,Northern Europe,-8.196022727272727,53.17045454545455
ISR,Israel,Wheat,WHEA,0.1034250259399414,0.2602015733718872,0.599125831701751,Asia,Western Asia,35.041666666666664,31.5
ITA,Italy,Wheat,WHEA,0.1352664232254028,0.093998447060585,0.6406928274655221,Europe,Southern Europe,12.382246376811594,42.11594202898551
JAM,Jamaica,Coconuts,OOIL,0.1332297325134277,0.1224491670727729,0.6499546305199907,America,Caribbean,-77.32142857142857,18.214285714285715
JPN,Japan,Rice,RICE,0.2932478189468384,0.0935276076197624,0.4838108666574801,Asia,Eastern Asia,136.44203910614524,36.08659217877095
JOR,Jordan,Wheat,WHEA,0.1616296172142028,0.2205666154623031,0.4967553312027483,Asia,Western Asia,36.10795454545455,31.068181818181817
KAZ,Kazakhstan,Wheat,WHEA,0.4811252653598785,0.1727951765060424,0.4943540334516444,Asia,Central Asia,69.87391930835734,49.08861671469741
KEN,Kenya,Maize,MAIZ,0.1519672274589538,0.1554064452648162,0.1469808959152769,Africa,Eastern Africa,37.72192028985507,0.286231884057971
KGZ,Kyrgyzstan,Wheat,WHEA,0.2714274525642395,0.1729629933834076,0.4204274263126463,Asia,Central Asia,74.29521276595744,41.441489361702125
LAO,Laos,Rice,RICE,0.6042371988296509,0.2862071692943573,0.5957844123554304,Asia,South-eastern Asia,103.8383152173913,18.380434782608692
LVA,Latvia,Barley,BARL,0.2042383551597595,0.3290125429630279,0.347459307407416,Europe,Northern Europe,24.93351063829787,56.85106382978724
LBN,Lebanon,Olives,OOIL,0.0707051306962966,0.1658546775579452,0.2350300356531351,Asia,Western Asia,35.69444444444444,33.72222222222222
LSO,Lesotho,Maize,MAIZ,0.3775769770145416,0.0945710912346839,0.2094793647531576,Africa,Southern Africa,28.272058823529413,-29.5
LBR,Liberia,Rice,RICE,0.2013875246047973,0.1010380163788795,0.4929848291603836,Africa,Western Africa,-9.288194444444445,6.472222222222222
LBY,Libya,Barley,BARL,0.1841730177402496,0.1413331180810928,0.4911110682203939,Africa,Northern Africa,16.72077922077922,30.285714285714285
LTU,Lithuania,Barley,BARL,0.2063362449407577,0.3013651371002197,0.6478528188168627,Europe,Northern Europe,23.97222222222222,55.355555555555554
MDG,Madagascar,Rice,RICE,0.2280761301517486,0.0941440016031265,0.2037420459261657,Africa,Eastern Africa,46.77982233502538,-19.248730964467004
MWI,Malawi,Maize,MAIZ,0.2837684154510498,0.2273623496294021,0.0387246961026461,Africa,Eastern Africa,34.18882978723404,-13.297872340425531
MYS,Malaysia,Palm fruit oil,OOIL,0.2783173322677612,0.2199001461267471,0.5300381506749953,Asia,South-eastern Asia,109.4298245614035,4.039473684210527
MLI,Mali,Millet,MILL,0.1853613257408142,0.1573266983032226,0.4936200690084992,Africa,Western Africa,-5.465277777777778,14.102777777777778
MLT,Malta,Wheat,WHEA,0.0751084610819816,0.2266942113637924,1.0919381102964807,Europe,Southern Europe,14.375,36.0
MRT,Mauritania,Sorghum,SORG,0.3030363023281097,0.117142841219902,0.984779766818668,Africa,Western Africa,-10.7311320754717,16.27358490566038
MUS,Mauritius,Sugar cane,SUGC,0.7698131799697876,0.1094490215182304,0.581132412961166,Africa,Eastern Africa,57.5,-20.25
MEX,Mexico,Maize,MAIZ,0.2311939150094986,0.100503534078598,0.1867505329958511,America,Central America,-102.29532747603834,23.69888178913738
MDA,Moldova,Maize,MAIZ,0.1324405521154403,0.1718755513429641,1.281944363386602,Europe,Eastern Europe,28.425,47.18
MNG,Mongolia,Wheat,WHEA,0.6781690716743469,0.2641924917697906,0.0958640047455759,Asia,Eastern Asia,105.5681818181818,48.85537190082645
MAR,Morocco,Wheat,WHEA,0.2480881810188293,0.1282829046249389,0.3183644289770215,Africa,Northern Africa,-6.198347107438017,32.32644628099174
MOZ,Mozambique,Maize,MAIZ,0.1631916463375091,0.2828905880451202,0.1775347544476258,Africa,Eastern Africa,35.471698113207545,-17.38490566037736
MMR,Myanmar,Rice,RICE,0.298643946647644,0.1284739524126052,0.5846859724635036,Asia,South-eastern Asia,96.6260593220339,20.67796610169492
NAM,Namibia,Millet,MILL,0.4637020230293274,0.0973120406270027,0.2948911975208743,Africa,Southern Africa,18.42708333333333,-19.625
NPL,Nepal,Rice,RICE,0.2011847794055938,0.1057192459702491,2.040436398564505,Asia,Southern Asia,83.80387931034483,28.21551724137931
NLD,Netherlands,Potatoes,POTA,0.1649316847324371,0.1363977342844009,1.2534193415165162,Europe,Western Europe,5.578703703703703,52.24074074074074
NZL,New Zealand,Barley,BARL,0.138149157166481,0.193542405962944,0.1709343188393973,Oceania,Australia and New Zealand,173.51434426229508,-40.84016393442623
NIC,Nicaragua,Maize,MAIZ,0.1549002379179,0.1825142502784729,2.022502121333189,America,Central America,-85.359375,12.7375
NER,Niger,Millet,MILL,0.3435783088207245,0.0806802585721015,0.5465737157975027,Africa,Western Africa,6.041666666666667,14.361788617886178
NGA,Nigeria,Sorghum,SORG,0.0871560052037239,0.158698171377182,0.2798143066263729,Africa,Western Africa,8.459821428571429,10.433035714285714
PRK,North Korea,Maize,MAIZ,0.1354082971811294,0.1011720076203346,0.2731520709360182,Asia,Eastern Asia,127.21311475409836,40.18032786885246
MKD,North Macedonia,Wheat,WHEA,0.129558727145195,0.138710543513298,1.105626411951286,Europe,Southern Europe,21.8359375,41.65625
NOR,Norway,Barley,BARL,0.31683149933815,0.1290535181760788,0.2644889361841749,Europe,Northern Europe,8.683510638297872,59.62765957446808
PAK,Pakistan,Wheat,WHEA,0.2155989110469818,0.1195493787527084,0.5490356946602448,Asia,Southern Asia,69.54545454545455,29.75108225108225
PAN,Panama,Rice,RICE,0.1620266735553741,0.1763083785772323,0.7792140868124651,America,Central America,-80.24305555555556,8.569444444444445
PNG,Papua New Guinea,Coconuts,OOIL,0.1426460593938827,0.1179188787937164,0.2065643640589594,Oceania,Melanesia,145.66176470588235,-6.441176470588236
PRY,Paraguay,Soybeans,SOYB,0.1867528855800628,0.2403954714536667,0.1618447970296308,America,South America,-56.9969512195122,-24.23780487804878
PER,Peru,Maize,MAIZ,0.0796790421009063,0.1926943361759185,0.0797691225710466,America,South America,-74.67767295597484,-9.80817610062893
PHL,Philippines,Rice,RICE,0.2085977047681808,0.1191378831863403,1.0005687092421491,Asia,South-eastern Asia,122.65086206896552,11.485632183908049
PRT,Portugal,Olives,OOIL,0.0892625525593757,0.2718947827816009,0.1124320240477349,Europe,Southern Europe,-7.907608695652174,39.68478260869565
PRI,Puerto Rico,"Coffee, green",COFF,0.253722995519638,0.2541023194789886,0.5939328858291976,America,Caribbean,-66.42857142857143,18.285714285714285
ROU,Romania,Maize,MAIZ,0.196183368563652,0.1813355982303619,1.5413083801158365,Europe,Eastern Europe,24.921875,45.83928571428572
RUS,Russia,Wheat,WHEA,0.2041940987110138,0.1769748032093048,0.2243169125735736,Europe,Eastern Europe,69.96062052505967,54.141050119331744
RWA,Rwanda,Bananas,BANP,0.1434894502162933,0.1579882055521011,1.0059481545452726,Africa,Eastern Africa,29.910714285714285,-2.0357142857142856
KNA,Saint Kitts and Nevis,Sugar cane,SUGC,0.5748258829116821,0.0958693698048591,0.3674964058557871,America,Caribbean,-62.5,17.25
LCA,Saint Lucia,Bananas,BANP,0.2107259333133697,0.3476081788539886,0.6947645741816265,America,Caribbean,-61.25,14.0
VCT,Saint Vincent and the Grenadines,Bananas,BANP,0.1513306200504303,0.2675417959690094,0.329739749659005,America,Caribbean,-61.25,13.25
SAU,Saudi Arabia,Wheat,WHEA,0.330277681350708,0.2403891533613205,0.4205264451216913,Asia,Western Asia,43.266447368421055,24.0
SEN,Senegal,Millet,MILL,0.3040299415588379,0.1233449950814247,0.4612024560525533,Africa,Western Africa,-14.50168918918919,14.27027027027027
SLE,Sierra Leone,Rice,RICE,0.2585230767726898,0.1935532093048095,0.6064079281182854,Africa,Western Africa,-11.788793103448276,8.620689655172415
SVN,Slovenia,Maize,MAIZ,0.1904161870479583,0.1942110955715179,0.8372014905466927,Europe,Southern Europe,14.85576923076923,46.15384615384615
SOM,Somalia,Sorghum,SORG,0.3348199129104614,0.1164704114198684,0.3298002062557012,Africa,Eastern Africa,44.90345528455285,4.715447154471545
ZAF,South Africa,Maize,MAIZ,0.3364596664905548,0.1843771487474441,0.1185363737699303,Africa,Southern Africa,25.21673387096774,-28.78494623655914
KOR,South Korea,Rice,RICE,0.2661058604717254,0.1255024522542953,0.2671047209798008,Asia,Eastern Asia,127.70408163265306,36.39795918367347
ESP,Spain,Barley,BARL,0.1340877115726471,0.1242281720042228,0.1620079846823904,Europe,Southern Europe,-3.286483253588517,40.36363636363637
LKA,Sri Lanka,Rice,RICE,0.2032809257507324,0.1147419810295105,1.3453693164422962,Asia,Southern Asia,80.75892857142857,7.696428571428571
SUR,Suriname,Rice,RICE,0.6522804498672485,0.0999419763684272,0.4877442837093634,America,South America,-55.85336538461539,4.288461538461538
SWE,Sweden,Barley,BARL,0.2068068236112594,0.1569395214319229,0.5765273461415641,Europe,Northern Europe,15.245726495726496,58.74786324786325
CHE,Switzerland,Wheat,WHEA,0.1656995415687561,0.1457902193069458,0.4329114228003865,Europe,Western Europe,7.708333333333333,46.94444444444444
SYR,Syria,Barley,BARL,0.2460180521011352,0.134192869067192,0.3816129309761543,Asia,Western Asia,38.46774193548387,35.29032258064516
TWN,Taiwan,Rice,RICE,0.1806180477142334,0.1724677085876464,0.3542072584052875,Asia,Eastern Asia,120.88235294117646,23.764705882352946
TJK,Tajikistan,Wheat,WHEA,0.2437931150197982,0.1297685950994491,0.3224811384787612,Asia,Central Asia,69.390625,38.875
TZA,Tanzania,Maize,MAIZ,0.0899481177330017,0.1732809096574783,0.1348606945223612,Africa,Eastern Africa,34.93936567164179,-6.3638059701492535
THA,Thailand,Rice,RICE,0.3126319646835327,0.151968315243721,0.168108063679304,Asia,South-eastern Asia,100.97739361702128,14.784574468085106
TGO,Togo,Maize,MAIZ,0.1233491897583007,0.1648167073726654,0.478628871126195,Africa,Western Africa,1.0267857142857142,8.464285714285714
TTO,Trinidad and Tobago,Sugar cane,SUGC,0.1705610305070877,0.1939724534749984,1.756808688717932,America,Caribbean,-61.40625,10.375
TUN,Tunisia,Olives,OOIL,0.254538893699646,0.0864548459649086,0.4649141400283349,Africa,Northern Africa,9.72877358490566,34.91509433962264
TUR,Turkey,Wheat,WHEA,0.2359015643596649,0.1021874547004699,0.3156012148036524,Asia,Western Asia,35.06009615384615,39.0400641025641
TKM,Turkmenistan,Seed cotton,COTT,0.340002179145813,0.1407325118780136,0.6351388975465274,Asia,Central Asia,60.76508620689656,38.5301724137931
UGA,Uganda,Plantains,BANP,0.1201242431998252,0.1824235618114471,0.25753693492162,Africa,Eastern Africa,32.30263157894737,1.4210526315789471
UKR,Ukraine,Wheat,WHEA,0.1522877216339111,0.2360836267471313,0.9025400443065827,Europe,Eastern Europe,31.43598615916955,48.93425605536332
GBR,United Kingdom,Wheat,WHEA,0.2730013728141784,0.1131935939192771,0.511636667720169,Europe,Northern Europe,-3.050176056338028,54.2112676056338
USA,United States,Maize,MAIZ,0.2021109461784362,0.114817313849926,0.1539850275655929,America,Northern America,-95.99257172131148,38.92469262295082
URY,Uruguay,Wheat,WHEA,0.1302265375852584,0.4092849791049957,0.2277997240433232,America,South America,-55.9375,-32.86764705882353
UZB,Uzbekistan,Seed cotton,COTT,0.2844012975692749,0.126654103398323,0.3479364400958613,Asia,Central Asia,66.2784090909091,40.39204545454545
VUT,Vanuatu,Coconuts,OOIL,0.7375342845916748,0.0277651268988847,0.1958203616954187,Oceania,Melanesia,168.04166666666666,-16.566666666666666
VEN,Venezuela,Maize,MAIZ,0.1101565882563591,0.1470452845096588,0.5644091758144525,America,South America,-66.61011904761905,8.128571428571428
VNM,Vietnam,Rice,RICE,0.4322085678577423,0.1424054652452469,0.1562932608577187,Asia,South-eastern Asia,106.2824074074074,16.51851851851852
YEM,Yemen,Sorghum,SORG,0.2565401196479797,0.2736111879348755,0.1578874195556397,Asia,Western Asia,45.74823943661972,15.119718309859154
ZMB,Zambia,Maize,MAIZ,0.3016585111618042,0.1409361362457275,0.1139581014949463,Africa,Eastern Africa,27.7391975308642,-13.469135802469136
ZWE,Zimbabwe,Maize,MAIZ,0.2893446087837219,0.1816317588090896,0.1056627352107051,Africa,Eastern Africa,29.86434108527132,-18.88372093023256
