state_dropped,H1,H1_p,H2,H2_p,H1_ci,H2_ci
1,-0.18915711949118413,0.15633695644867565,0.037105193389917975,0.5809603242658399,"[-0.45070300078177844, 0.07238876179941017]","[-0.09464688036884289, 0.16885726714867882]"
2,-0.1878624601167383,0.16246432944444078,0.040423636574357276,0.5494991255250254,"[-0.45146170440183614, 0.07573678416835955]","[-0.0919530323111542, 0.17280030545986874]"
5,-0.19460749085639054,0.1554775793869513,0.023739424117142544,0.731633412732742,"[-0.4631311775796918, 0.07391619586691076]","[-0.11193031218617612, 0.15940916042046122]"
6,-0.19380747148643473,0.13868498528774964,0.04245625198008329,0.5238429608169408,"[-0.4503443619871252, 0.06272941901425572]","[-0.08808727063598815, 0.17299977459615473]"
8,-0.17157547087673172,0.19876084237986102,0.04132740664080978,0.5475417830961586,"[-0.43325500196106137, 0.0901040602075979]","[-0.09334800710455338, 0.17600282038617293]"
9,-0.19272311550241328,0.14906117466119392,0.034543295821804175,0.6075498886227845,"[-0.4545167320432053, 0.06907050103837875]","[-0.09728506943640566, 0.16637166108001403]"
10,-0.190658375037033,0.1524750089932686,0.032514552708867786,0.6278270408423086,"[-0.4518214513805038, 0.0705047013064378]","[-0.09893962686269513, 0.16396873228043068]"
11,-0.19227681681384598,0.1494820644424913,0.03425495578270476,0.610358709934538,"[-0.4537345827224202, 0.06918094909472824]","[-0.09750241029803042, 0.16601232186343995]"
12,-0.1873968649238327,0.1593826256232621,0.02782598664486813,0.6773033183150765,"[-0.4484144194460824, 0.07362068959841697]","[-0.1032288786991139, 0.15888085198885016]"
13,-0.19389908012782875,0.14725883935837789,0.04455069994987594,0.510146108812456,"[-0.45612217244183706, 0.06832401218617956]","[-0.08802812571076514, 0.17712952561051704]"
15,-0.19227681681383949,0.14948263324732938,0.03427821295831876,0.610359208971226,"[-0.4537349481327183, 0.06918131450503937]","[-0.09756879318204822, 0.16612521909868574]"
16,-0.18457027962723715,0.1653446259528325,0.038798225755427206,0.5666541258069431,"[-0.445325879610027, 0.0761853203555527]","[-0.0939155156786439, 0.17151196718949832]"
17,-0.20057897041652906,0.14702684593277024,0.022868980316996315,0.7325386840667691,"[-0.47168018671172607, 0.07052224587866796]","[-0.10828629595701204, 0.15402425659100466]"
18,-0.19335419744537394,0.1438303160465028,0.031277115162050825,0.6418470260439821,"[-0.45262338298861016, 0.06591498809786231]","[-0.10052176612940052, 0.16307599645350218]"
19,-0.2615349556185367,0.10007629819473282,0.03572038212774855,0.6012898090996213,"[-0.5732431518786891, 0.050173240641615824]","[-0.09825936700795354, 0.16970013126345065]"
20,-0.19223921189778626,0.14978081825296455,0.033761981414099106,0.615747546280923,"[-0.4538377245226253, 0.06935930072705276]","[-0.09808516360568678, 0.165609126433885]"
21,-0.17039655407027252,0.2209166586888741,0.04160279116929665,0.55956134986782,"[-0.44322774932514997, 0.10243464118460496]","[-0.0981417264584166, 0.18134730879700992]"
22,-0.20512032645715542,0.11093042239681153,0.024273422372268927,0.7215266842961368,"[-0.45732994519601444, 0.04708929228170358]","[-0.10920715122932961, 0.15775399597386747]"
23,-0.18876607961464562,0.15298565636358485,0.03140727482194288,0.6405016856159009,"[-0.4476590001880342, 0.07012684095874291]","[-0.1004074158059278, 0.16322196544981357]"
24,-0.18742258863288855,0.15868496157304257,0.03604115659391862,0.5950207807657357,"[-0.4480394004973832, 0.0731942232316061]","[-0.09684591499038048, 0.16892822817821773]"
25,-0.1816467867823113,0.17133557643486053,0.03519533660928823,0.5990100785646233,"[-0.44191045555441855, 0.07861688198979591]","[-0.09599211975195379, 0.16638279297053024]"
26,-0.19290925869587588,0.14634113226530224,0.03789694408977045,0.5741766294278571,"[-0.4532018988103941, 0.06738338141864231]","[-0.09428882885424386, 0.17008271703378477]"
27,-0.22166915788367683,0.09130932977976579,0.03743369099141649,0.5937238546241735,"[-0.4789718356103714, 0.035633519843017686]","[-0.10010315802940364, 0.17497054001223664]"
28,-0.200953847108571,0.12843784995068772,0.03499445290027993,0.6020029476286148,"[-0.4600241814641702, 0.05811648724702817]","[-0.09652027267754405, 0.16650917847810393]"
29,-0.24255538262222212,0.09992694306200313,0.03648777441950622,0.6266063511416994,"[-0.5315157088960635, 0.04640494365161921]","[-0.11050792141715805, 0.1834834702561705]"
31,-0.1720306190040667,0.19880220246735647,0.029099429774222835,0.6692090552588351,"[-0.4344284906421418, 0.09036725263400841]","[-0.10439617899619633, 0.162595038544642]"
32,-0.19179152926062748,0.15028464758978807,0.03544405516217502,0.5981953619208618,"[-0.4531036562466881, 0.06952059772543312]","[-0.09637645380562496, 0.167264564129975]"
33,-0.19141352793631242,0.15194807902253069,0.034487434882098426,0.6085631598303444,"[-0.4532741636977984, 0.07044710782517352]","[-0.09749999141126164, 0.1664748611754585]"
34,-0.18824756861579764,0.15858617134033293,0.030690950193060788,0.6470924927282196,"[-0.44994944978948914, 0.07345431255789389]","[-0.10070374358304626, 0.16208564396916783]"
35,-0.1922768168138425,0.14948666582133927,0.03440501145641995,0.6103627468822713,"[-0.4537375387286361, 0.06918390510095107]","[-0.09793102099932194, 0.16674104391216182]"
36,-0.1763552317616202,0.18274447597335253,0.026966243253114714,0.6885189017247183,"[-0.43578355587297546, 0.08307309234973503]","[-0.10488052538307678, 0.15881301188930622]"
37,-0.18129407309112522,0.1709183875257183,0.015263007670993714,0.8197973681943528,"[-0.44079932543812017, 0.07821117925586973]","[-0.11605485511038739, 0.14658087045237483]"
38,-0.18298695038794394,0.18999206264808488,0.008429417815245546,0.905281688079734,"[-0.45663804359282917, 0.0906641428169413]","[-0.13041482651661845, 0.14727366214710952]"
39,-0.18666239216405092,0.15659552179730454,0.03952866401077381,0.5548086755808097,"[-0.44491997591801524, 0.07159519158991343]","[-0.09165778017321172, 0.17071510819475935]"
40,-0.19583611931077705,0.13816211020467603,0.02793551177645004,0.6781283743955463,"[-0.4547148596328862, 0.06304262101133212]","[-0.10399258185569346, 0.15986360540859354]"
41,-0.19057467474382167,0.15727368931905875,0.024084597118964365,0.7216616813160737,"[-0.4546766092685545, 0.07352725978091118]","[-0.10842464401860079, 0.1565938382565295]"
42,-0.1814294761105777,0.21067187268702892,0.047391857163197174,0.4823701606146248,"[-0.4655147428090973, 0.10265579058794194]","[-0.0848315141525511, 0.17961522847894545]"
44,-0.19310000663542928,0.14790504228366352,0.034502287396955184,0.6078233816157281,"[-0.45465953686374716, 0.06845952359288862]","[-0.09726991269141666, 0.16627448748532703]"
45,-0.14381812778457054,0.2823017935455936,0.03788868552896132,0.5979264445467327,"[-0.40599081401774717, 0.1183545584486061]","[-0.10292020534250818, 0.17869757640043082]"
46,-0.22148899964114943,0.10544601759655586,0.04424881522377775,0.5101612816109868,"[-0.48962297746052813, 0.04664497817822927]","[-0.08743635203034833, 0.17593398247790382]"
47,-0.18833328871093014,0.15445840574018238,0.041299907738971756,0.5381413006924648,"[-0.4475588148378811, 0.07089223741602085]","[-0.09018627785259929, 0.1727860933305428]"
48,-0.21972008250673272,0.129247053861125,0.0367501745232989,0.6137879615812515,"[-0.5035838772140271, 0.06414371220056161]","[-0.105973734690721, 0.1794740837373188]"
49,-0.17525790304571182,0.1834942547241254,0.027448693162459625,0.6883048620395951,"[-0.43351380691554425, 0.08299800082412062]","[-0.10665967145846758, 0.16155705778338683]"
50,-0.19099475870658178,0.15172850905025462,0.0332414023517865,0.6205879970816034,"[-0.4521424408968026, 0.07015292348363905]","[-0.0983741348686078, 0.16485693957218078]"
51,-0.19362533301729307,0.14282176577861488,0.03604488563846775,0.5889291188014663,"[-0.45260453852332916, 0.06535387248874303]","[-0.09468823365737974, 0.16677800493431524]"
53,-0.2144176801155144,0.12357285334805526,0.03228094606322005,0.6344155871621409,"[-0.4873169817924926, 0.058481621561463776]","[-0.10077201358700213, 0.16533390571344223]"
54,-0.1930463978001978,0.14612884828672054,0.04301030791090929,0.512240979406831,"[-0.45338705552911407, 0.06729425992871849]","[-0.0856207494913675, 0.17164136531318608]"
55,-0.18595205685952257,0.17186523870515902,0.04337125760073215,0.5287323867448979,"[-0.45271389082597535, 0.08080977710693019]","[-0.09157144003113751, 0.17831395523260182]"
56,-0.18829778646424522,0.1578339968437642,0.03488284171713291,0.6048503004702741,"[-0.4495966116372116, 0.07300103870872116]","[-0.09724716663089666, 0.16701285006516248]"
